rs4982731,rs10143875,0
rs7574865,rs10181656,1
rs3801387,rs10242100,0
rs1055144,rs10245353,1
rs1042714,rs1042711,1
rs805303,rs1046089,1
rs11030104,rs10501087,0
rs17482753,rs10503669,1
rs6983267,rs10505477,1
rs16969968,rs1051730,1
rs2383207,rs10733376,1
rs4977574,rs10757274,0
rs2891168,rs10757274,0
rs2891168,rs10757277,0
rs4977574,rs10757277,0
rs2891168,rs10757278,0
rs4977574,rs10757278,0
rs2891168,rs10757279,0
rs4977574,rs10757279,0
rs1800588,rs1077834,1
rs1800588,rs1077835,1
rs10811661,rs10811660,0
rs174547,rs108499,0
rs17782313,rs10871777,0
rs35612982,rs10946403,0
rs2070600,rs10947233,1
rs10811661,rs10965250,0
rs17782313,rs11152213,0
rs11191548,rs11191560,0
rs6596473,rs11242462,0
rs10195252,rs1128249,0
rs2294008,rs11413827,1
rs3802177,rs11558471,1
rs2131925,rs1168013,0
rs7579899,rs11689011,0
rs1173771,rs1173727,1
rs7574865,rs11889341,1
rs7579899,rs11894252,0
rs7615568,rs11926141,0
rs3751812,rs12149832,1
rs9913911,rs12150284,0
rs738409,rs12483959,0
rs2896019,rs12483959,0
rs6426749,rs12568930,0
rs17249754,rs12579302,1
rs328,rs12678919,0
rs6983267,rs12682374,1
rs3204689,rs12907038,0
rs17782313,rs12967135,0
rs10938397,rs13130484,0
rs3802177,rs13266634,1
rs10737680,rs1329428,0
rs4488809,rs13314271,0
rs2383207,rs1333042,1
rs2383207,rs1333047,1
rs4977574,rs1333048,0
rs4977574,rs1333049,0
rs10195252,rs13389219,0
rs1205,rs1341665,1
rs10737680,rs1410996,0
rs1412444,rs1412445,1
rs1558902,rs1421085,0
rs3751812,rs1421085,1
rs143383,rs143384,1
rs965513,rs1443438,1
rs2231142,rs1481012,1
rs1056836,rs149148,1
rs4886776,rs150025731,1
rs174547,rs1535,0
rs2383207,rs1537373,1
rs2383207,rs1537374,1
rs3751812,rs1558902,1
rs7615568,rs16826083,0
rs11030104,rs16917237,0
rs1051730,rs16969968,1
rs1801725,rs17251221,1
rs174547,rs174534,0
rs174547,rs174535,0
rs174547,rs174536,0
rs174547,rs174537,0
rs174547,rs174538,0
rs174547,rs174546,0
rs174547,rs174549,0
rs174547,rs174550,0
rs174547,rs174555,0
rs174547,rs174556,0
rs174547,rs174568,0
rs2131925,rs1748195,0
rs328,rs17482753,0
rs1558902,rs17817964,0
rs3751812,rs17817964,1
rs4654748,rs1827293,1
rs13068893,rs1827382,1
rs3764261,rs183130,1
rs2131877,rs1874099,1
rs4886776,rs1992314,1
rs1800588,rs2070895,1
rs738409,rs2076211,0
rs2896019,rs2076211,0
rs699,rs2148582,1
rs1137101,rs2154380,1
rs987237,rs2206277,0
rs2233434,rs2233424,0
rs805303,rs2242660,1
rs2596542,rs2251731,1
rs2516448,rs2256183,1
rs1800624,rs2269424,1
rs2896019,rs2281135,0
rs738409,rs2281135,0
rs1443512,rs2366149,1
rs2596542,rs2428486,1
rs762551,rs2472299,0
rs762551,rs2472300,0
rs3764261,rs247616,1
rs3764261,rs247617,1
rs699,rs2493134,1
rs635634,rs2519093,1
rs2516448,rs2596530,1
rs2596542,rs2596559,1
rs17731799,rs2622626,1
rs2681472,rs2681492,0
rs1205,rs2794520,1
rs2233434,rs28362856,0
rs805303,rs2844465,1
rs2596542,rs2844521,1
rs2596542,rs2853973,1
rs9275572,rs2858332,1
rs4977574,rs2891168,0
rs2294008,rs2920283,1
rs2294008,rs2976392,1
rs3803662,rs3095604,1
rs17731799,rs3114020,1
rs12722,rs3196378,1
rs17482753,rs325,1
rs328,rs325,0
rs17482753,rs328,1
rs7903146,rs34872471,1
rs3802177,rs35859536,1
rs10490924,rs3750847,1
rs10490924,rs3750848,1
rs1558902,rs3751812,0
rs10490924,rs3763764,1
rs1014290,rs3775947,0
rs1014290,rs3775948,0
rs3801387,rs3779381,0
rs3204689,rs3784262,0
rs10490924,rs3793917,1
rs2233434,rs3799963,0
rs10195252,rs3923113,0
rs13068893,rs3930203,1
rs9275572,rs3998157,1
rs2070600,rs41268928,1
rs2231142,rs4148155,1
rs10821936,rs4245595,0
rs174547,rs4246215,0
rs13068893,rs4247197,1
rs9275572,rs4273729,1
rs7574865,rs4274624,1
rs13068893,rs4474980,1
rs13068893,rs4555470,1
rs805303,rs4569,1
rs2282679,rs4588,0
rs3204689,rs4646629,0
rs1413299,rs4743305,0
rs495366,rs479095,1
rs1815739,rs486584,1
rs1447295,rs4871802,1
rs635634,rs495828,1
rs2891168,rs4977574,0
rs4994,rs4998,0
rs699,rs5051,1
rs635634,rs507666,1
rs667282,rs569207,0
rs635634,rs579459,1
rs1558902,rs62033400,0
rs3751812,rs62033400,1
rs11030104,rs6265,0
rs667282,rs637137,0
rs635634,rs651007,1
rs662799,rs651821,0
rs17249754,rs6538195,1
rs2046210,rs6557161,1
rs6426749,rs6684375,0
rs10195252,rs6717858,0
rs9275572,rs6932517,1
rs35612982,rs6935599,0
rs4410790,rs6968865,0
rs4607517,rs6975024,1
rs805303,rs707920,1
rs10821936,rs7090445,0
rs11030104,rs7103411,0
rs2383207,rs7341786,1
rs987237,rs734597,0
rs10737680,rs7540032,0
rs1205,rs7553007,1
rs7574865,rs7582694,1
rs4488809,rs7636839,0
rs1260326,rs780093,1
rs1260326,rs780094,1
rs965513,rs7850258,1
rs17482753,rs79236614,1
rs9533090,rs8001611,1
rs805303,rs805257,1
rs805303,rs805290,1
rs805303,rs805302,1
rs805303,rs813115,1
rs1205,rs876537,1
rs4886776,rs893816,1
rs4886776,rs893818,1
rs965513,rs925489,1
rs2896019,rs926633,0
rs1800624,rs9267810,1
rs9272105,rs9272114,0
rs9275572,rs9275516,1
rs9275572,rs9275517,1
rs9275572,rs9275524,1
rs9275572,rs9275573,1
rs1173771,rs9292468,1
rs699,rs943580,1
rs35612982,rs9465871,0
rs9533090,rs9533095,1
rs9533090,rs9594738,1
rs1443512,rs9804784,1
rs11030104,rs988748,0
rs1159268,rs993925,1
rs7412,rs445925,1
rs1474055,rs9917256,1
rs429358,rs769449,0